day,timeslot
02/2/2015,12:26 PM
02/4/2015,09:49 AM
02/9/2015,09:56 AM
02/12/2015,09:02 AM
02/17/2015,09:39 AM
02/19/2015,10:38 AM
02/23/2015,09:51 AM
02/24/2015,09:53 AM
02/26/2015,08:54 AM
03/5/2015,08:52 AM
03/9/2015,09:49 AM
03/10/2015,09:49 AM
03/12/2015,09:48 AM
03/13/2015,11:57 AM
03/16/2015,12:41 PM
03/17/2015,09:46 AM
03/19/2015,09:49 AM
03/23/2015,09:52 AM
03/25/2015,02:44 PM
03/26/2015,09:16 AM
03/30/2015,09:40 AM
04/1/2015,10:16 AM
04/2/2015,08:55 AM
04/7/2015,09:44 AM
04/13/2015,09:43 AM
04/14/2015,09:56 AM
04/16/2015,08:53 AM
04/16/2015,01:18 PM
04/20/2015,09:18 AM
04/21/2015,09:31 AM
04/21/2015,01:39 PM
04/23/2015,08:57 AM
04/29/2015,01:31 PM
04/30/2015,08:58 AM
05/4/2015,10:56 AM
05/7/2015,12:43 PM
05/7/2015,07:14 PM
05/11/2015,10:23 AM
05/18/2015,11:08 AM
05/19/2015,09:27 AM
05/21/2015,09:53 AM
05/26/2015,11:26 AM
05/28/2015,08:53 AM
06/8/2015,09:42 AM
06/9/2015,09:40 AM
06/11/2015,04:27 PM
06/11/2015,04:28 PM
06/16/2015,10:55 AM
06/16/2015,02:55 PM
06/18/2015,08:53 AM
06/22/2015,09:57 AM
06/23/2015,09:51 AM
06/25/2015,02:22 PM
06/29/2015,11:48 AM
07/6/2015,10:01 AM
07/7/2015,09:50 AM
07/9/2015,08:55 AM
07/13/2015,09:58 AM
07/14/2015,10:03 AM
07/16/2015,08:50 AM
07/16/2015,01:27 PM
07/20/2015,09:54 AM
07/23/2015,08:39 AM
07/27/2015,11:43 AM
07/28/2015,10:33 AM
07/30/2015,10:07 AM
08/4/2015,09:58 AM
08/10/2015,11:57 AM
08/18/2015,10:03 AM
08/20/2015,09:44 AM
08/24/2015,10:06 AM
08/25/2015,09:46 AM
08/27/2015,10:20 AM
08/31/2015,09:53 AM
09/1/2015,10:52 AM
09/3/2015,08:53 AM
09/7/2015,09:51 AM
09/8/2015,11:16 AM
09/10/2015,12:29 PM
09/14/2015,10:31 AM
09/16/2015,10:02 AM
09/21/2015,11:32 AM
09/22/2015,12:49 PM
09/28/2015,09:55 AM
09/29/2015,09:57 AM
10/1/2015,11:18 AM
10/6/2015,12:25 PM
10/8/2015,09:51 AM
10/12/2015,10:01 AM
10/13/2015,10:49 AM
10/15/2015,08:50 AM
10/19/2015,09:48 AM
10/20/2015,09:44 AM
10/28/2015,09:44 AM
10/29/2015,09:48 AM
11/2/2015,09:55 AM
11/3/2015,09:51 AM
11/3/2015,08:45 PM
11/5/2015,09:02 AM
11/9/2015,10:47 AM
11/10/2015,10:36 AM
11/11/2015,11:10 AM
11/12/2015,09:39 AM
11/12/2015,09:43 AM
11/12/2015,06:24 PM
11/16/2015,10:26 AM
11/16/2015,06:55 PM
11/17/2015,10:13 AM
11/25/2015,09:36 AM
11/26/2015,09:58 AM
11/26/2015,01:10 PM
11/30/2015,09:49 AM
12/1/2015,09:50 AM
12/3/2015,10:14 AM
12/3/2015,11:27 PM
12/7/2015,09:59 AM
12/9/2015,09:50 AM
12/10/2015,08:48 AM
12/14/2015,12:12 PM
12/15/2015,09:55 AM
12/17/2015,10:00 AM
12/18/2015,04:23 PM
12/18/2015,05:19 PM
12/18/2015,11:56 PM
12/19/2015,12:02 AM
12/19/2015,11:55 AM
12/19/2015,11:59 AM
12/19/2015,12:12 PM
12/21/2015,10:23 AM
12/22/2015,01:09 PM
12/23/2015,11:27 AM
12/23/2015,04:54 PM
12/23/2015,05:00 PM
12/23/2015,05:25 PM
12/23/2015,05:35 PM
12/28/2015,11:18 AM
01/4/2016,12:16 PM
01/7/2016,08:52 AM
01/11/2016,01:14 PM
01/12/2016,10:20 AM
01/12/2016,12:26 PM
01/14/2016,10:29 AM
01/18/2016,09:57 AM
01/19/2016,09:50 AM
01/21/2016,10:59 AM
01/21/2016,03:02 PM
01/26/2016,09:58 AM
01/27/2016,09:57 AM
01/28/2016,11:00 AM
02/1/2016,10:24 AM
02/1/2016,10:28 AM
02/1/2016,06:54 PM
02/2/2016,10:38 AM
02/4/2016,11:00 AM
02/8/2016,09:04 AM
02/9/2016,09:39 AM
02/9/2016,09:39 AM
02/9/2016,09:47 AM
02/11/2016,09:45 AM
02/11/2016,09:50 AM
02/15/2016,09:48 AM
02/16/2016,09:58 AM
02/17/2016,09:39 AM
02/18/2016,12:18 PM
02/18/2016,03:41 PM
02/18/2016,03:42 PM
02/22/2016,04:09 PM
02/22/2016,04:13 PM
02/22/2016,04:22 PM
02/23/2016,09:48 AM
02/23/2016,06:50 PM
02/25/2016,09:44 AM
02/25/2016,09:52 AM
02/25/2016,01:08 PM
02/25/2016,03:05 PM
02/29/2016,09:51 AM
03/1/2016,09:45 AM
03/3/2016,08:49 AM
03/3/2016,12:04 PM
03/3/2016,06:48 PM
03/8/2016,09:14 AM
03/9/2016,09:53 AM
03/10/2016,10:03 AM
03/14/2016,09:50 AM
03/15/2016,09:31 AM
03/17/2016,09:36 AM
03/21/2016,10:01 AM
03/22/2016,10:01 AM
03/29/2016,10:45 AM
03/30/2016,09:55 AM
03/31/2016,10:00 AM
04/19/2016,10:59 AM
04/20/2016,01:36 PM
04/25/2016,11:33 AM
04/26/2016,01:56 PM
04/30/2016,02:13 PM
05/2/2016,09:59 AM
05/3/2016,09:06 AM
05/9/2016,09:56 AM
05/10/2016,09:47 AM
05/10/2016,02:22 PM
05/12/2016,09:52 AM
05/17/2016,11:23 AM
05/19/2016,10:24 AM
05/24/2016,10:04 AM
05/24/2016,10:06 AM
05/30/2016,09:54 AM
05/31/2016,10:02 AM
06/2/2016,08:57 AM
06/6/2016,10:01 AM
06/7/2016,11:24 AM
06/13/2016,10:47 AM
06/15/2016,10:01 AM
06/16/2016,10:13 AM
06/20/2016,11:25 AM
06/27/2016,09:40 AM
06/28/2016,11:17 AM
06/28/2016,10:42 PM
06/30/2016,10:10 AM
07/4/2016,11:19 AM
07/5/2016,11:04 AM
07/7/2016,11:31 AM
07/11/2016,11:11 AM
07/12/2016,10:32 AM
07/14/2016,10:54 AM
07/18/2016,10:18 AM
07/19/2016,10:22 AM
07/23/2016,01:40 PM
08/1/2016,09:59 AM
08/2/2016,10:02 AM
08/4/2016,09:11 AM
08/9/2016,09:51 AM
08/11/2016,10:32 AM
08/16/2016,09:52 AM
08/18/2016,09:43 AM
08/22/2016,10:05 AM
08/23/2016,09:48 AM
08/25/2016,09:52 AM
08/29/2016,09:32 AM
08/30/2016,09:49 AM
09/1/2016,08:50 AM
09/5/2016,12:33 PM
09/6/2016,09:52 AM
09/8/2016,10:10 AM
09/19/2016,09:55 AM
09/20/2016,09:39 AM
09/22/2016,10:10 AM
09/27/2016,10:02 AM
09/29/2016,02:05 PM
10/3/2016,01:30 PM
10/20/2016,11:04 AM
10/24/2016,10:36 AM
10/25/2016,11:03 AM
10/27/2016,10:54 AM
10/31/2016,10:51 AM
11/1/2016,10:21 AM
11/1/2016,10:25 AM
11/1/2016,05:23 PM
11/7/2016,10:25 AM
11/7/2016,10:28 AM
11/10/2016,09:56 AM
11/10/2016,05:33 PM
11/14/2016,10:24 AM
11/14/2016,06:26 PM
11/15/2016,09:58 AM
11/15/2016,07:04 PM
11/15/2016,07:13 PM
11/15/2016,07:29 PM
11/15/2016,08:16 PM
11/15/2016,08:24 PM
11/17/2016,10:21 AM
11/17/2016,10:26 AM
11/17/2016,05:51 PM
11/17/2016,05:52 PM
11/17/2016,05:56 PM
11/21/2016,03:21 PM
11/22/2016,09:55 AM
11/22/2016,05:53 PM
11/24/2016,10:25 AM
11/24/2016,06:36 PM
11/24/2016,06:39 PM
11/28/2016,10:58 AM
11/28/2016,05:47 PM
11/28/2016,05:54 PM
11/28/2016,05:59 PM
11/29/2016,10:12 AM
11/29/2016,05:54 PM
12/1/2016,09:01 AM
12/1/2016,09:06 AM
12/1/2016,06:24 PM
12/1/2016,06:25 PM
12/5/2016,01:43 PM
12/5/2016,01:48 PM
12/6/2016,10:18 AM
12/6/2016,06:29 PM
12/12/2016,09:46 AM
12/13/2016,10:01 AM
12/13/2016,03:33 PM
12/13/2016,03:34 PM
12/15/2016,10:58 AM
12/15/2016,04:34 PM
12/20/2016,10:24 AM
12/20/2016,10:32 AM
12/22/2016,09:59 AM
01/2/2017,10:51 AM
01/2/2017,06:34 PM
01/3/2017,10:01 AM
01/3/2017,05:25 PM
01/3/2017,05:27 PM
01/5/2017,11:27 AM
01/5/2017,05:07 PM
01/5/2017,05:12 PM
01/5/2017,05:18 PM
01/9/2017,04:18 PM
01/10/2017,10:26 AM
01/10/2017,05:46 PM
01/12/2017,08:53 AM
01/12/2017,08:55 AM
01/16/2017,10:47 AM
01/16/2017,06:04 PM
01/19/2017,10:35 AM
01/19/2017,10:39 AM
02/6/2017,09:40 AM
02/6/2017,09:44 AM
02/7/2017,05:07 PM
02/7/2017,05:09 PM
02/7/2017,05:12 PM
02/9/2017,09:44 AM
02/9/2017,06:18 PM
02/13/2017,01:13 PM
02/13/2017,06:53 PM
02/14/2017,10:10 AM
02/14/2017,10:19 AM
02/14/2017,01:45 PM
02/14/2017,06:14 PM
02/14/2017,06:18 PM
02/20/2017,09:54 AM
02/21/2017,10:22 AM
03/7/2017,09:19 AM
03/7/2017,05:59 PM
03/7/2017,06:06 PM
03/9/2017,09:39 AM
03/9/2017,09:44 AM
03/13/2017,09:55 AM
03/13/2017,07:34 PM
03/13/2017,07:37 PM
03/14/2017,09:54 AM
03/14/2017,09:58 AM
03/14/2017,12:45 PM
03/14/2017,05:48 PM
03/16/2017,10:40 AM
03/16/2017,10:45 AM
03/16/2017,12:41 PM
03/20/2017,10:27 AM
03/20/2017,10:29 AM
03/20/2017,06:50 PM
03/21/2017,09:42 AM
03/21/2017,06:34 PM
03/23/2017,09:46 AM
03/23/2017,06:48 PM
03/27/2017,09:42 AM
03/27/2017,09:44 AM
03/30/2017,11:31 AM
03/30/2017,12:33 PM
03/30/2017,06:05 PM
04/3/2017,09:56 AM
04/3/2017,12:26 PM
04/4/2017,10:26 AM
04/6/2017,10:28 AM
04/6/2017,05:48 PM
04/11/2017,10:43 AM
04/13/2017,03:29 PM
04/18/2017,10:10 AM
04/18/2017,10:15 AM
04/20/2017,09:02 AM
04/24/2017,11:23 AM
04/24/2017,02:09 PM
04/25/2017,09:25 AM
04/25/2017,07:17 PM
05/1/2017,09:45 AM
05/1/2017,12:28 PM
05/2/2017,09:27 AM
05/2/2017,06:27 PM
05/2/2017,06:29 PM
05/4/2017,10:10 AM
05/4/2017,10:14 AM
05/8/2017,11:41 AM
05/9/2017,10:16 AM
05/9/2017,06:58 PM
05/9/2017,07:01 PM
05/9/2017,07:04 PM
05/11/2017,09:53 AM
05/11/2017,09:59 AM
05/11/2017,01:14 PM
05/11/2017,06:18 PM
05/15/2017,12:56 PM
05/15/2017,05:34 PM
05/16/2017,11:52 AM
05/16/2017,11:57 AM
05/18/2017,10:15 AM
05/18/2017,06:59 PM
05/18/2017,07:07 PM
05/22/2017,10:10 AM
05/22/2017,10:14 AM
05/23/2017,09:43 AM
05/23/2017,06:18 PM
05/29/2017,02:54 PM
06/12/2017,09:46 AM
06/13/2017,09:55 AM
06/13/2017,06:56 PM
06/13/2017,06:57 PM
06/15/2017,10:02 AM
06/15/2017,06:34 PM
06/19/2017,11:17 AM
06/19/2017,05:44 PM
06/20/2017,10:09 AM
06/22/2017,12:13 PM
06/26/2017,10:40 AM
06/26/2017,10:47 AM
06/26/2017,06:04 PM
06/27/2017,10:15 AM
06/27/2017,07:36 PM
06/29/2017,12:15 PM
